Java/.NET,Tracking Group
Current Market,Tracking Group
Potential Market,Tracking Group
Top Camp,Tracking Group
Selected Camp,Tracking Group
Closer Academy,Bootcamp
last_updated,Category
cr_rating,Category
twitter,Category
tweets,twitter
handle,twitter
followers,twitter
locations,Category
job_assistance,Category
accreditation,Category
housing,Category
cr_technologies,Category
visas,Category
top_source,Category
email,Category
website,Category
num_locations,Category
tracking_groups,Category
tracks,Category
facebook,Category
technologies,Category
name,Category
job_guarantee,Category
num_courses,Category
courses,Category
Onsite,Course Attribute
Course Title,Course Attribute
Course Location,Course Attribute
Subjects,Course Attribute
Cost,Course Attribute
Hours/Week,Course Attribute
Minimum Skill,Course Attribute
Part Or Full,Course Attribute
cr_num_reviews,Category
Los Angeles,Location
Sales,Technology
Actualize,Bootcamp
hiring_rate,Category
subjects,Category
scholarships,Category
class_ratio,Category
average_salary,Category
num_alumni,Category
su_technologies,Category
general_cost,Category
su_rating,Category
cost_estimate,Category
Class Size,Course Attribute
Title,Course Attribute
Length,Course Attribute
Location,Course Attribute
Start Date,Course Attribute
su_num_reviews,Category
Chicago,Location
San Francisco,Location
New York City,Location
AngularJS,Technology
CSS,Technology
Git,Technology
HTML,Technology
JavaScript,Technology
Ruby on Rails,Technology
SQL,Technology
Ruby,Technology
Pen And Paper Coding,Bootcamp
NoLang,Technology
Coder Manual,Bootcamp
Smart Factory,Bootcamp
Minneapolis,Location
Android,Technology
iOS,Technology
Java,Technology
SEO,Technology
Codepath,Bootcamp
Swift,Technology
Objective-C,Technology
Mobile,Technology
Vital Accelerator,Bootcamp
Online,Location
Milwaukee,Location
Appleton,Location
Madison,Location
Algorithms,Technology
jQuery,Technology
.NET,Technology
Python,Technology
Data Science,Technology
Manifest Agility Boot Camp,Bootcamp
Learntech Labs,Bootcamp
Tealeaf,Bootcamp
HackSchool,Bootcamp
Monterrey,Location
Lumenbrite,Bootcamp
Austin,Location
Orange County Code School,Bootcamp
Irvine,Location
Orange County,Location
Data Structures,Technology
Express.js,Technology
MongoDB,Technology
Node.js,Technology
Simplon,Bootcamp
Cluj,Location
Paris,Location
User Experience Design,Technology
Omaha Code School,Bootcamp
Omaha,Location
CoffeeScript,Technology
Sinatra,Technology
Sharptop Co.,Bootcamp
Lynchburg,Location
Front End,Technology
Rocket U,Bootcamp
Django,Technology
Dev/Iowa Bootcamp,Bootcamp
Iowa City,Location
Tech Elevator,Bootcamp
Cleveland,Location
Columbus,Location
C#,Technology
MySQL,Technology
Coderhouse,Bootcamp
Buenos Aires,Location
Codeclan,Bootcamp
Edinburgh,Location
Array School Of Technology And Design,Bootcamp
Cheyenne,Location
Startup Institute,Bootcamp
acceptance_rate,Category
employment_rates,Category
60 days,employment_rates
120+ days,employment_rates
90 days,employment_rates
120 days,employment_rates
30 days,employment_rates
matriculation_stats,Category
graduated,matriculation_stats
accepted,matriculation_stats
job_seeking,matriculation_stats
enrolled,matriculation_stats
Boston,Location
Design Principles,Technology
UX,Technology
Business,Technology
Entrepreneurship,Technology
Digital Marketing,Technology
Design,Technology
Product Management,Technology
Xcode,Technology
Growth Hacking,Technology
Wordpress,Technology
R,Technology
Helio Training Bootcamp,Bootcamp
Salt Lake City,Location
Game Development,Technology
React.js,Technology
Skill Distillery,Bootcamp
Denver,Location
Claim Academy,Bootcamp
St. Louis,Location
Recurse Center,Bootcamp
Galvanize,Bootcamp
Boulder,Location
Seattle,Location
Phoenix,Location
Hadoop,Technology
Ucf Coding Bootcamp,Bootcamp
Codecamp Charleston,Bootcamp
Charleston,Location
C++,Technology
PHP,Technology
Clojure,Technology
Scala,Technology
Digital House,Bootcamp
Sd Code Bootcamp,Bootcamp
Sioux Falls,Location
Springboard,Bootcamp
Excel,Technology
Logit Academy,Bootcamp
Code Fever,Bootcamp
Miami,Location
Savvy Coders,Bootcamp
Nashville,Location
Icancode,Bootcamp
Hyderabad,Location
The Tech Academy,Bootcamp
Portland,Location
ASP.NET,Technology
"Ine, Inc",Bootcamp
The Coding Bootcamp At Unc Chapel Hill,Bootcamp
Chapel Hill,Location
Fullstack 360,Bootcamp
Code Career Academy,Bootcamp
Atlanta,Location
ASP.NET MVC,Technology
Palm Beach Code School,Bootcamp
Palm Beach,Location
Sydney Dev Camp,Bootcamp
Sydney,Location
Tutorials Point,Bootcamp
Montana Code School,Bootcamp
Missoula,Location
Bozeman,Location
Codeabode,Bootcamp
Unc Charlotte Coding Boot Camp,Bootcamp
Northwestern Coding Bootcamp,Bootcamp
Codeworks,Bootcamp
Barcelona,Location
Cyber Security,Technology
Linux,Technology
Phonegap,Technology
PostgreSQL,Technology
Insight,Bootcamp
Silicon Valley,Location
Spark,Technology
Codeschool,Bootcamp
Turing School Of Software And Design,Bootcamp
Hackerforge,Bootcamp
Shreveport,Location
Codify Academy,Bootcamp
Hybrid (Online & In-person),Location
Treehouse,Bootcamp
Georgia Tech Coding Boot Camp,Bootcamp
Savannah,Location
Codecademy,Bootcamp
Next Academy,Bootcamp
Rutgers Coding Bootcamp,Bootcamp
Jersey City,Location
Somerset,Location
Koru,Bootcamp
Go-Live Labs,Bootcamp
The Coding Boot Camp At Unc Charlotte,Bootcamp
Charlotte,Location
We Got Coders,Bootcamp
London,Location
Photoshop,Technology
Tech Career Booster,Bootcamp
Athens,Location
Flatiron School,Bootcamp
Byte Academy,Bootcamp
Singapore,Location
Geekskool,Bootcamp
Bangalore,Location
Atlanta Coding Bootcamp By Georgia Tech,Bootcamp
Ada Developers Academy,Bootcamp
Code Ingenious,Bootcamp
One Month Rails,Bootcamp
Codez Academy ,Bootcamp
Wales,Location
Free Code Camp,Bootcamp
Data Science Retreat,Bootcamp
Berlin,Location
Code Fellows,Bootcamp
Cocoa,Technology
Apprentice.Io,Bootcamp
Epicu,Bootcamp
Dallas,Location
Udemy,Bootcamp
Coded Kuwait,Bootcamp
Kuwait City,Location
Thoughtkite,Bootcamp
Toronto,Location
Big Sky Code Academy,Bootcamp
Billings,Location
Codeu,Bootcamp
Appjamming,Bootcamp
Coded,Bootcamp
Gocode,Bootcamp
Guanacaste,Location
American Graphics Institute,Bootcamp
Uc San Diego Coding Boot Camp,Bootcamp
Parsec Group,Bootcamp
Coding Boot Camp At Ut Austin,Bootcamp
Houston,Location
Coding Bootcamp At Ut Austin,Bootcamp
Gainesville Dev Academy,Bootcamp
Gainesville,Location
Rmotr Com,Bootcamp
Uc Berkeley Data Science,Bootcamp
Berkeley,Location
10X.Org.Il,Bootcamp
Tel Aviv,Location
Davinci Coders,Bootcamp
Softstack Factory,Bootcamp
San Diego,Location
Blur State,Bootcamp
Fayetteville,Location
Rmotr.Com,Bootcamp
Sliderule,Bootcamp
Hack Reactor,Bootcamp
Cribb,Bootcamp
Code Bootcamp Usa,Bootcamp
Moringa School,Bootcamp
Nairobi,Location
Grand Circus,Bootcamp
Detroit,Location
Plataforma 5,Bootcamp
Tech Talent South,Bootcamp
Asheville,Location
Raleigh,Location
New Orleans,Location
Jacksonville,Location
Craftsmanship Academy,Bootcamp
Sabio La,Bootcamp
Open Cloud Academy,Bootcamp
San Antonio,Location
Academy Pittsburgh,Bootcamp
Pittsburgh,Location
Deep Dive Coding,Bootcamp
Albuquerque,Location
Boisecodeworks,Bootcamp
Boise,Location
Codez Academy,Bootcamp
Coder Foundry,Bootcamp
Greensboro,Location
Telegraph Academy,Bootcamp
Oakland,Location
Product School,Bootcamp
Inside Sales Bootcamp,Bootcamp
Sunnyvale,Location
Devschool,Bootcamp
Academy X,Bootcamp
Stackademy,Bootcamp
Awesome Inc U,Bootcamp
Lexington,Location
Science To Data Science,Bootcamp
Jaaga,Bootcamp
Learners Guild,Bootcamp
Hackbright Academy,Bootcamp
Digital Citizen,Bootcamp
Redwood Code Academy,Bootcamp
Cincy Code It,Bootcamp
Cincinnati,Location
Insight Data Science,Bootcamp
Data Application Lab,Bootcamp
Lighthouse Labs,Bootcamp
Vancouver,Location
Montreal,Location
Calgary,Location
Victoria,Location
Halifax,Location
Mums In Technology,Bootcamp
The Code Path,Bootcamp
Elevation Academy,Bootcamp
Academic Work Academy,Bootcamp
Stockholm,Location
Digitalcrafts,Bootcamp
Dev Mountain,Bootcamp
Provo,Location
Decodemtl,Bootcamp
Ehd Academy,Bootcamp
meta,Meta
Devmountain,Bootcamp
App Coda,Bootcamp
Midwest Hacker School,Bootcamp
Ithakai,Bootcamp
Growthx Academy,Bootcamp
Turntotech,Bootcamp
Elium Academy,Bootcamp
Brussels,Location
Bootstrap,Technology
Dev Academy,Bootcamp
Wellington,Location
Designlab,Bootcamp
Illustrator,Technology
Bitmaker Labs,Bootcamp
Depot/U,Bootcamp
Birmingham,Location
Mobile,Location
Ubiqum Code Academy,Bootcamp
Web Services,Technology
Coder Cadre,Bootcamp
Base10 Academy,Bootcamp
The Coding Bootcamp At Ut Austin,Bootcamp
Coding Bootcamp At Ucla Extension,Bootcamp
Careerfoundry,Bootcamp
Florida Vocational Institute,Bootcamp
Think Academy,Bootcamp
Coder Camps,Bootcamp
Scottsdale,Location
Ikompass,Bootcamp
Epicodus,Bootcamp
Philadelphia,Location
Drupal,Technology
App Academy,Bootcamp
Wethinkcode_,Bootcamp
Johannesburg,Location
Impekable Design Workshop,Bootcamp
San Jose,Location
Academy,Bootcamp
Code Cloud,Bootcamp
Barcelona Code School,Bootcamp
Logic Room,Bootcamp
Makersquare,Bootcamp
Hackdojo,Bootcamp
School Of Devs,Bootcamp
Become A Developer Bootcamp (Java),Bootcamp
Monroe College Tech Boot Camp,Bootcamp
Interview Kickstart,Bootcamp
Academia De C\Xf3Digo,Bootcamp
Lisbon,Location
Zipfian Academy,Bootcamp
Georgia Tech Coding Bootcamp Savannah,Bootcamp
Launch Academy,Bootcamp
Frontend Foundry,Bootcamp
The Coding Boot Camp At Uc San Diego Extension,Bootcamp
Inceptures Software School,Bootcamp
Fort Lauderdale,Location
Startup Ignition,Bootcamp
Software Tester Bootcamp,Bootcamp
Wyncode,Bootcamp
Coderoute,Bootcamp
Fire Bootcamp,Bootcamp
Brisbane,Location
Melbourne,Location
Skillcrush,Bootcamp
23 Code Street,Bootcamp
Designation,Bootcamp
Geekwise Academy,Bootcamp
Fresno,Location
Code Union,Bootcamp
Devschool Io,Bootcamp
Microsoft Research Data Science Summer School,Bootcamp
Codeacademy,Bootcamp
Coder Factory Academy,Bootcamp
Evolve Security Academy,Bootcamp
The Iron Yard,Bootcamp
Greenville,Location
Indianapolis,Location
Washington,Location
Las Vegas,Location
Columbia,Location
Durham,Location
Orlando,Location
Tampa,Location
Portland Code School,Bootcamp
New York Code + Design Academy,Bootcamp
Amsterdam,Location
First Step Coding,Bootcamp
Centriq Training,Bootcamp
Kansas City,Location
Fullstack Academy,Bootcamp
Israel Tech Challenge,Bootcamp
Turn To Tech,Bootcamp
Uc Berkeley Coding Boot Camp,Bootcamp
Refactoru,Bootcamp
4Geeks Academy,Bootcamp
Caracas,Location
Silicon Stem Academy,Bootcamp
Square Code Camp,Bootcamp
Rsquare Edge,Bootcamp
Spiced Academy,Bootcamp
Developme_,Bootcamp
Bristol,Location
"The Recurse Center, Aka Hacker School",Bootcamp
Nyc Data Science Academy,Bootcamp
Ivy Data Science,Bootcamp
Desafio Latam,Bootcamp
Santiago,Location
Bogota,Location
Digital Unicorn,Bootcamp
Steer,Bootcamp
Empower Security Academy,Bootcamp
Gw Coding Bootcamp,Bootcamp
Operation Spark,Bootcamp
Nashville Software School,Bootcamp
Level,Bootcamp
Jademy,Bootcamp
Bucharest,Location
Code District,Bootcamp
Data Science Europe,Bootcamp
Dublin,Location
Qa Camp,Bootcamp
Master 21 Academy,Bootcamp
Zurich,Location
Ikuw,Bootcamp
Ace Hacker Academy,Bootcamp
Tag Innovation School,Bootcamp
Milan,Location
Viking Code School,Bootcamp
Star City Code School,Bootcamp
Lincoln,Location
Decode Mtl,Bootcamp
Coderversity,Bootcamp
Dojo Dev Camp,Bootcamp
Code For Progress,Bootcamp
Make School,Bootcamp
Code Builders,Bootcamp
Launch School,Bootcamp
General Assembly,Bootcamp
Bitbootcamp,Bootcamp
National American University,Bootcamp
Rockit Bootcamp,Bootcamp
Le Wagon,Bootcamp
Bordeaux,Location
Lille,Location
Copenhagen,Location
Beirut,Location
Belo Horizonte,Location
Sao Paulo,Location
Rio de Janeiro,Location
Nantes,Location
Metis,Bootcamp
We Can Code It,Bootcamp
The Guild Of Software Architects,Bootcamp
Dots School,Bootcamp
Wild Code School,Bootcamp
Polycademy,Bootcamp
Women'S Coding Collective,Bootcamp
Developer Bootcamp,Bootcamp
Chelmsford,Location
SQL Programming,Technology
SQL Server Administration,Technology
SQL Business Intelligence,Technology
Perl,Technology
VB.NET,Technology
WCF,Technology
WPF,Technology
Windows Server,Technology
UNIX,Technology
SharePoint,Technology
Spring MVC,Technology
Launchcode,Bootcamp
Codeup,Bootcamp
World Tech Academy,Bootcamp
Laboratoria,Bootcamp
Ait Learning,Bootcamp
Ut Houston Coding Bootcamp,Bootcamp
Intensive Android Bootcamp,Bootcamp
Redwood Code Academy ,Bootcamp
Coderschool,Bootcamp
Ho Chi Minh City,Location
Hanoi,Location
Seedpaths,Bootcamp
Devpoint Labs,Bootcamp
Secureset Academy,Bootcamp
Turing,Bootcamp
Sabio,Bootcamp
World Tech Makers,Bootcamp
Mexico City,Location
30 Weeks,Bootcamp
Starter League,Bootcamp
Coders Lab,Bootcamp
Warsaw,Location
The Data Incubator,Bootcamp
Ixperience,Bootcamp
Cape Town,Location
Codeacamp,Bootcamp
Software Guild,Bootcamp
Akron,Location
Louisville,Location
Learn,Bootcamp
Hackership,Bootcamp
Delta Program,Bootcamp
Boolean Academy,Bootcamp
Astro Code School,Bootcamp
The App Academy Nl,Bootcamp
Devs Labs,Bootcamp
Devleague,Bootcamp
Honolulu,Location
Devstream,Bootcamp
Hungry Academy,Bootcamp
Big D Code,Bootcamp
Ladies Learning Code,Bootcamp
Learn To Code London,Bootcamp
Hacktiv8,Bootcamp
Jakarta,Location
Coding Bootcamp Praha,Bootcamp
Prague,Location
Beach Coders Academy,Bootcamp
The Coding Boot Camp At Ucla Extension,Bootcamp
Westwood,Location
Founders & Coders,Bootcamp
Nazareth,Location
Market Campus,Bootcamp
Apprentice Io By Thoughtbot,Bootcamp
Washington DC,Location
Coder Vox,Bootcamp
Digital Professional Institute,Bootcamp
Holberton School,Bootcamp
Go,Technology
Prime Digital Academy,Bootcamp
Coded By U,Bootcamp
Hacker: Coding Academy,Bootcamp
Acadgild,Bootcamp
C4Q Access Code,Bootcamp
Port Academy,Bootcamp
Camp Code Away,Bootcamp
Bali,Location
Web Fellowship,Bootcamp
Code Institute,Bootcamp
Mobile Makers Academy,Bootcamp
Coding House,Bootcamp
Coding Is The New Literacy,Bootcamp
Delhi,Location
Geekuni,Bootcamp
Learn.Modern-Developer,Bootcamp
Xtol.Careers,Bootcamp
42,Bootcamp
Girls Who Code,Bootcamp
Invasivecode,Bootcamp
Blackbelt Coding ,Bootcamp
Code Astra,Bootcamp
Thinkful,Bootcamp
Brainstation,Bootcamp
Ottawa,Location
Basecamp ,Bootcamp
Vienna,Location
Hack Pacific,Bootcamp
Hong Kong,Location
Boulder Digital Arts,Bootcamp
Game Design,Technology
Hackeryou,Bootcamp
Mother Coders,Bootcamp
Austin Coding Academy,Bootcamp
Andela,Bootcamp
Lagos,Location
Adventure Code School,Bootcamp
Bend,Location
Skylab Coders Academy,Bootcamp
K2 Data Science,Bootcamp
The Coded,Bootcamp
The Flatiron School,Bootcamp
Alphappl,Bootcamp
Obidos,Location
Porto,Location
Betamore Academy,Bootcamp
Baltimore,Location
Rithm School,Bootcamp
Code Ninja,Bootcamp
Maui,Location
Branson,Location
Panama City,Location
Alchemy Lab,Bootcamp
Zip Code Wilmington,Bootcamp
Wilmington,Location
Coding Dojo,Bootcamp
Awesome Inc  U,Bootcamp
The Devs Lab,Bootcamp
Code Platoon,Bootcamp
Betamore,Bootcamp
Ns Screencasts,Bootcamp
Big Nerd Ranch,Bootcamp
Monterey,Location
Scale,Bootcamp
Velocity 360,Bootcamp
Philly Dev Camp,Bootcamp
New It Academy,Bootcamp
Dev League,Bootcamp
Codemasters Academy,Bootcamp
Blackbelt Coding,Bootcamp
Codecraft School,Bootcamp
Red Academy,Bootcamp
Arkansas Coding Academy,Bootcamp
Conway,Location
Web Dev Camp,Bootcamp
Helsinki,Location
Hackership San Francisco,Bootcamp
Marcademy,Bootcamp
Ucf Coding Boot Camp,Bootcamp
Sandford,Location
The Hacking School,Bootcamp
Edge Tech Academy,Bootcamp
Hurst,Location
Shillington School,Bootcamp
Ruby On The Beach,Bootcamp
"Pacific Coast, Ecuador",Location
Canary Islands,Location
Codemaster Institute,Bootcamp
Perth,Location
Supacoderz,Bootcamp
Noble Desktop,Bootcamp
Cultivating Coders,Bootcamp
Propulsion Academy,Bootcamp
Code Tahoe,Bootcamp
Reno,Location
Guild Of Software Architects,Bootcamp
Boole Institute,Bootcamp
Become A Developer Bootcamp ( Net),Bootcamp
Tech Bootcamps,Bootcamp
Revature,Bootcamp
Reston,Location
Coding Temple,Bootcamp
Tradecraft,Bootcamp
Devatory,Bootcamp
Devry Bootcamp,Bootcamp
Learningfuze,Bootcamp
Learn Academy,Bootcamp
Data Science For Social Good,Bootcamp
The Dev School,Bootcamp
Datacamp,Bootcamp
Shoutleaf Web Bootcamp,Bootcamp
Makers Academy,Bootcamp
Devcamp Mx,Bootcamp
Institute Of Code,Bootcamp
Puerto Vallarta,Location
Maricopa Corporate College,Bootcamp
Tempe,Location
Codecore Bootcamp,Bootcamp
Udacity,Bootcamp
Try Ruby,Bootcamp
Talentbuddy,Bootcamp
Dev Bootcamp,Bootcamp
Bloc,Bootcamp
Disruption Institute,Bootcamp
Grace Hopper Academy,Bootcamp
Interface Web School,Bootcamp
Eleven Fifty Coding Academy,Bootcamp
Devcodecamp,Bootcamp
Nation Of Code,Bootcamp
The Firehose Project,Bootcamp
Girl Develop It,Bootcamp
Fort Collins,Location
West Palm Beach,Location
Ann Arbor,Location
Camden,Location
Rochester,Location
Buffalo,Location
Providence,Location
Dayton,Location
Lehigh Valley,Location
Burlington,Location
Central Virginia,Location
Alt-U,Bootcamp
The Institute For Statistics Education,Bootcamp
Atlanta Code,Bootcamp
Ironhack,Bootcamp
Madrid,Location
Pdx Code Guild,Bootcamp
Data Science Dojo,Bootcamp
Dubai,Location
Origin Code Academy,Bootcamp
Horizons School Of Technology,Bootcamp
Code Chicago,Bootcamp
The Coding Boot Camp At Unc-Chapel Hill,Bootcamp
Codesmith,Bootcamp
Divergence Academy,Bootcamp
V School,Bootcamp
